segment_id,subject_group,true_label,pred_label,prob_N1,prob_N2,prob_R,prob_W
train001__00000,train001,W,W,0.06483111,0.10126563,0.04865435,0.78524894
train001__00001,train001,W,W,0.06863059,0.06365153,0.07145016,0.79626775
train001__00002,train001,W,W,0.07617978,0.07308944,0.076179326,0.7745515
train001__00003,train001,W,W,0.07513091,0.07327591,0.07467013,0.7769231
train001__00004,train001,W,W,0.06517508,0.063929364,0.068037935,0.80285764
train001__00005,train001,W,W,0.050030015,0.079794995,0.035354774,0.8348202
train001__00006,train001,W,W,0.06848837,0.099553,0.047572084,0.7843866
train001__00007,train001,W,W,0.08872276,0.09950743,0.08417109,0.7275987
train001__00008,train001,W,W,0.06764177,0.09605605,0.048249025,0.7880532
train001__00009,train001,W,W,0.08571265,0.091365285,0.08255786,0.74036413
train001__00010,train001,W,W,0.0741922,0.10544048,0.05222423,0.7681431
train001__00011,train001,W,W,0.07919622,0.11064422,0.055485092,0.7546744
train001__00012,train001,W,W,0.09336419,0.10985973,0.08813434,0.70864177
train001__00013,train001,W,W,0.09503756,0.10967869,0.08801696,0.7072668
train001__00014,train001,W,W,0.080311105,0.11550439,0.055481896,0.74870265
train001__00015,train001,W,W,0.07691067,0.112880036,0.05251819,0.7576911
train001__00016,train001,W,W,0.088656865,0.12736234,0.059135664,0.7248451
train001__00017,train001,W,W,0.08697258,0.1259405,0.05845279,0.7286341
train001__00018,train001,W,W,0.06601639,0.076427825,0.06500525,0.7925505
train001__00019,train001,W,W,0.07619929,0.06902831,0.07788796,0.77688444
train001__00020,train001,W,W,0.07444695,0.068044744,0.077897094,0.77961123
train001__00021,train001,W,W,0.074694484,0.084741525,0.07573902,0.764825
train001__00022,train001,W,W,0.06647545,0.088254094,0.06940091,0.77586967
train001__00023,train001,W,W,0.073282495,0.11646271,0.048981342,0.7612734
train001__00024,train001,W,W,0.08164335,0.12678531,0.05325684,0.73831445
train001__00025,train001,W,W,0.08056397,0.107073195,0.08335102,0.72901183
train001__00026,train001,W,W,0.0801852,0.091470174,0.07729775,0.7510469
train001__00027,train001,W,W,0.054020785,0.078874156,0.039880387,0.82722473
train001__00028,train001,W,W,0.06802049,0.06355236,0.072496094,0.795931
train001__00029,train001,W,W,0.052625004,0.07835012,0.038060524,0.8309643
train001__00030,train001,W,W,0.07858383,0.07642478,0.07784487,0.7671466
train001__00031,train001,W,W,0.076034285,0.07272069,0.07683124,0.7744138
train001__00032,train001,W,W,0.08066625,0.087858036,0.07894907,0.75252664
train001__00033,train001,W,W,0.08216888,0.105711676,0.082408875,0.72971064
train001__00034,train001,W,W,0.074041195,0.115248956,0.04883298,0.7618769
train001__00035,train001,W,W,0.07512677,0.094054565,0.08019143,0.7506273
train001__00036,train001,W,W,0.07115883,0.1163813,0.04669539,0.76576453
train001__00037,train001,W,W,0.074345805,0.093791656,0.078535266,0.75332725
train001__00038,train001,W,W,0.079385065,0.098411605,0.08097377,0.7412296
train001__00039,train001,W,W,0.0795714,0.12534623,0.05181305,0.74326926
train001__00040,train001,W,W,0.09138166,0.14077419,0.05919906,0.70864505
train001__00041,train001,W,W,0.07816174,0.09985293,0.078038044,0.7439473
train001__00042,train001,W,W,0.07176056,0.10672749,0.050131846,0.77138007
train001__00043,train001,W,W,0.082364485,0.09913394,0.08094862,0.7375529
train001__00044,train001,W,W,0.0786386,0.11528198,0.05327438,0.7528051
train001__00045,train001,W,W,0.07716599,0.093811125,0.076930925,0.75209194
train001__00046,train001,W,W,0.068309374,0.07901838,0.06860893,0.78406334
train001__00047,train001,W,W,0.06126454,0.0887985,0.044205323,0.8057316
train001__00048,train001,W,W,0.07622899,0.07165997,0.07797516,0.7741358
train001__00049,train001,W,W,0.0805571,0.0902806,0.08058664,0.7485756
train001__00050,train001,W,W,0.068108894,0.10629417,0.046505254,0.7790917
train001__00051,train001,W,W,0.08740235,0.10453948,0.08704044,0.7210177
train001__00052,train001,W,W,0.07091706,0.07990656,0.07488653,0.77428985
train001__00053,train001,W,W,0.0670094,0.09251127,0.048674744,0.7918047
train001__00054,train001,W,W,0.06321819,0.09676539,0.044198398,0.79581803
train001__00055,train001,W,W,0.07762716,0.09325672,0.082132764,0.74698335
train001__00056,train001,W,W,0.079828314,0.10183863,0.0827403,0.7355928
train001__00057,train001,W,W,0.090583466,0.1352932,0.059822,0.7143013
train001__00058,train001,W,W,0.08101432,0.10804621,0.08778057,0.72315884
train001__00059,train001,W,W,0.073599055,0.10660127,0.05139427,0.7684054
train001__00060,train001,W,W,0.083641276,0.10129364,0.08732354,0.7277416
train001__00061,train001,W,W,0.09380355,0.15422693,0.06279262,0.6891769
train001__00062,train001,W,W,0.09580609,0.14872994,0.06416541,0.6912985
train001__00063,train001,W,W,0.086963505,0.14945424,0.061427176,0.70215505
train001__00064,train001,W,W,0.10396193,0.12233296,0.10389512,0.66981
train001__00065,train001,W,W,0.09664306,0.14743108,0.06844637,0.68747956
train001__00066,train001,W,W,0.099190645,0.10905181,0.102493316,0.68926424
train001__00067,train001,W,W,0.08127261,0.11639362,0.08780826,0.7145255
train001__00068,train001,W,W,0.069180414,0.10265189,0.05894065,0.76922697
train001__00069,train001,W,W,0.05965616,0.059600864,0.075628616,0.80511445
train001__00070,train001,W,W,0.15547244,0.33346403,0.13031133,0.3807522
train001__00071,train001,W,W,0.124285564,0.2729819,0.08648129,0.5162512
train001__00072,train001,W,W,0.07694172,0.14184429,0.057542257,0.72367173
train001__00073,train001,W,W,0.077165484,0.12408179,0.043266747,0.7554859
train001__00074,train001,W,W,0.08380518,0.11992616,0.080465935,0.7158027
train001__00075,train001,W,W,0.11862014,0.2272047,0.11568205,0.53849316
train001__00076,train001,W,W,0.15825935,0.2619654,0.14726783,0.4325074
train001__00077,train001,W,W,0.15800846,0.32995346,0.090448,0.42159003
train001__00078,train001,W,W,0.17430426,0.33068308,0.10237711,0.39263558
train001__00079,train001,W,W,0.15646735,0.34543633,0.08971321,0.40838313
train001__00080,train001,W,W,0.16908081,0.31937835,0.09841071,0.41313013
train001__00081,train001,W,W,0.15952338,0.25615847,0.1395382,0.4447798
train001__00082,train001,W,W,0.13954365,0.32689536,0.07794327,0.4556177
train001__00083,train001,W,W,0.17616512,0.3149319,0.103041284,0.40586168
train001__00084,train001,W,W,0.16260715,0.31137177,0.09462212,0.43139887
train001__00085,train001,W,W,0.14548802,0.23786464,0.1273223,0.48932505
train001__00086,train001,W,W,0.13852355,0.21430224,0.11986407,0.52731013
train001__00087,train001,W,W,0.13130394,0.18207122,0.11734845,0.5692764
train001__00088,train001,W,W,0.1694695,0.30107385,0.10018178,0.42927498
train001__00089,train001,W,W,0.16631757,0.3039858,0.09748686,0.43220976
train001__00090,train001,W,W,0.16904184,0.30306265,0.1060874,0.42180812
train001__00091,train001,N2,W,0.15357164,0.23846377,0.13221186,0.47575277
train001__00092,train001,W,W,0.16715458,0.29805416,0.103727035,0.4310643
train001__00093,train001,W,W,0.11543612,0.24263531,0.06950935,0.5724192
train001__00094,train001,W,W,0.10768299,0.21130335,0.06237227,0.6186414
train001__00095,train001,W,W,0.11582797,0.15071115,0.1027861,0.6306748
train001__00096,train001,W,W,0.15304658,0.28422755,0.086625986,0.4760999
train001__00097,train001,W,W,0.14595282,0.28571844,0.12947504,0.4388537
train001__00098,train001,W,W,0.17293148,0.29938948,0.10355199,0.4241271
train001__00099,train001,N2,W,0.16221742,0.27302924,0.10154485,0.46320853
train001__00100,train001,N1,W,0.1702836,0.28257668,0.10135972,0.44578
train001__00101,train001,W,W,0.14339022,0.2469194,0.099828616,0.50986177
train001__00102,train001,N2,W,0.14432456,0.28833026,0.08546064,0.48188457
train001__00103,train001,W,W,0.1483583,0.22201735,0.12843163,0.50119275
train001__00104,train001,N2,W,0.16589156,0.28050393,0.09956171,0.45404282
train001__00105,train001,N1,W,0.13985915,0.24120209,0.12758917,0.49134952
train001__00106,train001,W,W,0.15975145,0.28251398,0.09583875,0.46189585
train001__00107,train001,W,W,0.15983514,0.26997802,0.13921459,0.43097228
train001__00108,train001,W,W,0.112351164,0.20099618,0.09959255,0.5870601
train001__00109,train001,N2,W,0.17135485,0.2779397,0.1025673,0.44813812
train001__00110,train001,W,W,0.1532623,0.26984635,0.093466684,0.48342472
train001__00111,train001,W,W,0.121012405,0.23636986,0.072063416,0.5705544
train001__00112,train001,W,W,0.09010879,0.18862504,0.055742215,0.66552395
train001__00113,train001,W,W,0.11249834,0.19485249,0.100279815,0.5923693
train001__00114,train001,W,W,0.11691664,0.25617093,0.06771133,0.559201
train001__00115,train001,N1,W,0.11524572,0.27400944,0.06426399,0.54648083
train001__00116,train001,W,N2,0.16008401,0.4068485,0.13684964,0.29621792
train001__00117,train001,N1,W,0.106122024,0.3732053,0.103000246,0.41767243
train001__00118,train001,N2,W,0.10111407,0.39188468,0.056473944,0.45052734
train001__00119,train001,N2,N2,0.12345623,0.57359064,0.109684296,0.19326879
train001__00120,train001,W,N2,0.14578566,0.42789403,0.118551426,0.3077689
train001__00121,train001,W,N2,0.15229286,0.38324603,0.11398211,0.35047898
train001__00122,train001,N2,W,0.14038467,0.34742346,0.124972686,0.38721922
train001__00123,train001,N2,W,0.124980316,0.14920568,0.124137335,0.60167664
train001__00124,train001,N2,W,0.07340146,0.11672194,0.044155758,0.76572084
train001__00125,train001,N2,W,0.07536552,0.05145249,0.09791676,0.7752653
train001__00126,train001,N2,W,0.10441086,0.08848181,0.115627356,0.69148
train001__00127,train001,N2,W,0.14395592,0.293439,0.088778354,0.4738267
train001__00128,train001,N2,N2,0.15638538,0.424726,0.10007816,0.31881046
train001__00129,train001,N2,N2,0.13762213,0.5810635,0.11816175,0.16315262
train001__00130,train001,W,N2,0.12800953,0.61824626,0.108749844,0.14499442
train001__00131,train001,N2,N2,0.16910774,0.43798822,0.09919387,0.29371017
train001__00132,train001,N2,N2,0.16991924,0.4260697,0.09916842,0.30484253
train001__00133,train001,N2,N2,0.17334075,0.42320228,0.15112665,0.2523303
train001__00134,train001,N2,N2,0.16854642,0.46167246,0.1451165,0.22466467
train001__00135,train001,N2,N2,0.16950579,0.43736035,0.09927074,0.29386315
train001__00136,train001,N2,N2,0.16102847,0.4540086,0.09301191,0.29195103
train001__00137,train001,N2,N2,0.16093609,0.47313842,0.095490105,0.27043542
train001__00138,train001,N2,N2,0.1408658,0.5303663,0.1249917,0.20377609
train001__00139,train001,N2,N2,0.14416428,0.510684,0.08455401,0.2605978
train001__00140,train001,N2,N2,0.13741603,0.54728377,0.08119389,0.23410629
train001__00141,train001,N2,N2,0.14472462,0.51452035,0.08505705,0.25569794
train001__00142,train001,N2,N2,0.1779017,0.43785357,0.1581772,0.22606751
train001__00143,train001,N2,N2,0.17041688,0.4307017,0.11121312,0.28766835
train001__00144,train001,N2,N2,0.16341223,0.45976666,0.10634995,0.27047113
train001__00145,train001,N2,N2,0.17197327,0.4633881,0.1524731,0.21216547
train001__00146,train001,N2,N2,0.16478282,0.4395885,0.096063286,0.2995654
train001__00147,train001,N2,N2,0.173657,0.4438628,0.15503885,0.2274414
train001__00148,train001,N2,N2,0.15792911,0.5169686,0.13825625,0.18684596
train001__00149,train001,N2,N2,0.13591966,0.54993594,0.0805801,0.23356438
train001__00150,train001,N2,N2,0.13136753,0.56363773,0.07812486,0.22686994
train001__00151,train001,N2,N2,0.13891779,0.58660984,0.122419424,0.15205292
train001__00152,train001,N2,N2,0.15153326,0.54311365,0.1349073,0.17044565
train001__00153,train001,N2,N2,0.15336388,0.5509302,0.13592638,0.15977944
train001__00154,train001,N2,N2,0.1420473,0.5654716,0.13152657,0.16095449
train001__00155,train001,N2,N2,0.12529726,0.572233,0.07339922,0.22907043
train001__00156,train001,N2,N2,0.12636758,0.5741632,0.074189216,0.22527996
train001__00157,train001,N2,N2,0.11809378,0.59598416,0.070798665,0.21512333
train001__00158,train001,N2,N2,0.13221096,0.6321901,0.11316671,0.12243228
train001__00159,train001,N2,N2,0.095918536,0.66576374,0.059324134,0.17899355
train001__00160,train001,N2,N2,0.11016759,0.64460474,0.071799465,0.17342812
train001__00161,train001,N2,N2,0.1156921,0.62490714,0.074055985,0.18534479
train001__00162,train001,N2,N2,0.111666255,0.6941952,0.09286446,0.1012741
train001__00163,train001,N2,N2,0.13911714,0.56309396,0.08997296,0.20781595
train001__00164,train001,N2,N2,0.11822108,0.6762634,0.09736798,0.108147554
train001__00165,train001,N2,N2,0.13696544,0.56496173,0.084865026,0.21320784
train001__00166,train001,N2,N2,0.12673447,0.5812226,0.07898078,0.21306215
train001__00167,train001,N2,N2,0.12163917,0.6688805,0.10099991,0.10848039
train001__00168,train001,N2,N2,0.110283725,0.69701433,0.09290338,0.09979853
train001__00169,train001,N2,N2,0.119235285,0.6699282,0.09997711,0.11085949
train001__00170,train001,N2,N2,0.113752104,0.6860483,0.096600555,0.103599004
train001__00171,train001,N2,N2,0.12854177,0.58961433,0.083847284,0.1979967
train001__00172,train001,N2,N2,0.13963379,0.5594372,0.09686548,0.2040635
train001__00173,train001,N2,N2,0.11766339,0.68195975,0.09755196,0.10282492
train001__00174,train001,N2,N2,0.11972362,0.63665617,0.10310577,0.14051439
train001__00175,train001,N2,N2,0.111039,0.69558835,0.09155277,0.10181984
train001__00176,train001,N2,N2,0.10437331,0.71362257,0.087282024,0.09472211
train001__00177,train001,N2,N2,0.13905007,0.56236106,0.0941573,0.20443165
train001__00178,train001,W,N2,0.11275194,0.6948666,0.09289506,0.09948643
train001__00179,train001,N2,N2,0.10510439,0.66516584,0.09808952,0.13164024
train001__00180,train001,N2,N2,0.14157538,0.5606136,0.09920259,0.1986085
train001__00181,train001,N2,N2,0.1521012,0.5382105,0.112144716,0.19754356
train001__00182,train001,N2,N2,0.16081022,0.5175884,0.11936307,0.20223829
train001__00183,train001,N2,N2,0.10627611,0.7109423,0.08759232,0.09518928
train001__00184,train001,N2,N2,0.13856524,0.5681759,0.095777795,0.19748098
train001__00185,train001,N2,N2,0.13279751,0.5554885,0.09759933,0.21411459
train001__00186,train001,N2,N2,0.119265616,0.67583877,0.09998292,0.10491263
train001__00187,train001,N2,N2,0.14961442,0.5370629,0.10966094,0.20366183
train001__00188,train001,N2,N2,0.15830384,0.52069616,0.11530243,0.20569755
train001__00189,train001,N2,N2,0.11834832,0.6800912,0.09771555,0.10384495
train001__00190,train001,N2,N2,0.10171555,0.72332215,0.08555812,0.089404136
train001__00191,train001,N2,N2,0.1074579,0.71034086,0.08981144,0.09238978
train001__00192,train001,N2,N2,0.097800076,0.7352435,0.08178805,0.08516842
train001__00193,train001,N2,N2,0.10246414,0.72421783,0.08484076,0.0884772
train001__00194,train001,N2,N2,0.13082677,0.5915924,0.094813205,0.18276761
train001__00195,train001,N2,N2,0.13620593,0.5779645,0.10031961,0.18551007
train001__00196,train001,N2,N2,0.10317924,0.7209369,0.0854138,0.09047012
train001__00197,train001,N2,N2,0.13782908,0.575995,0.102427535,0.1837483
train001__00198,train001,N2,N2,0.13165279,0.592462,0.095065035,0.18082014
train001__00199,train001,N2,N2,0.106658034,0.7114821,0.088360764,0.09349906
train001__00200,train001,N2,N2,0.10063335,0.72545815,0.08407418,0.08983433
train001__00201,train001,N2,N2,0.11627779,0.68771017,0.09616408,0.099848
train001__00202,train001,N2,N2,0.12925065,0.5956896,0.09267583,0.18238401
train001__00203,train001,N2,N2,0.12980326,0.5977988,0.09321028,0.17918772
train001__00204,train001,N2,N2,0.102352984,0.72454935,0.08528444,0.08781318
train001__00205,train001,N2,N2,0.120005384,0.6208835,0.08709764,0.17201339
train001__00206,train001,N2,N2,0.0927543,0.7468913,0.07818711,0.08216729
train001__00207,train001,N2,N2,0.09328969,0.7456867,0.078785904,0.08223763
train001__00208,train001,N2,N2,0.11639162,0.6287272,0.08139144,0.17348975
train001__00209,train001,N2,N2,0.1018467,0.7247825,0.08515733,0.08821353
train001__00210,train001,N2,N2,0.11419711,0.6335885,0.08053735,0.17167707
train001__00211,train001,N2,N2,0.10393457,0.7197565,0.08731766,0.088991225
train001__00212,train001,N2,N2,0.11150857,0.63726276,0.08643,0.16479868
train001__00213,train001,N2,N2,0.08098815,0.77778023,0.069682874,0.071548715
train001__00214,train001,N2,N2,0.10256242,0.6616297,0.07879152,0.1570164
train001__00215,train001,N2,N2,0.101266116,0.6691686,0.075899415,0.15366583
train001__00216,train001,N2,N2,0.08080501,0.77786285,0.07024072,0.071091436
train001__00217,train001,N2,N2,0.10450312,0.65526503,0.07991484,0.160317
train001__00218,train001,N2,N2,0.09433482,0.7455538,0.07907564,0.08103581
train001__00219,train001,N2,N2,0.086291716,0.76673174,0.07211357,0.07486298
train001__00220,train001,N2,N2,0.08571788,0.7103545,0.061208766,0.1427189
train001__00221,train001,N2,N2,0.09004109,0.69718814,0.06525246,0.14751835
train001__00222,train001,N2,N2,0.08913598,0.69846535,0.06511775,0.14728089
train001__00223,train001,N2,N2,0.064907044,0.8238959,0.0545235,0.056673616
train001__00224,train001,N2,N2,0.09380094,0.6808005,0.069912806,0.15548572
train001__00225,train001,N2,N2,0.08796484,0.764519,0.07184701,0.075669125
train001__00226,train001,N2,N2,0.068128794,0.8133323,0.057880912,0.060657997
train001__00227,train001,N2,N2,0.094689615,0.6776747,0.07091629,0.15671945
train001__00228,train001,N2,N2,0.08718486,0.70060015,0.06338078,0.14883415
train001__00229,train001,N2,N2,0.08496589,0.70504797,0.06292151,0.14706466
train001__00230,train001,N2,N2,0.08414025,0.70569086,0.0646796,0.14548935
train001__00231,train001,N2,N2,0.067634664,0.8151209,0.057694256,0.059550125
train001__00232,train001,N2,N2,0.09357756,0.6746083,0.075877815,0.15593626
train001__00233,train001,W,N2,0.06348275,0.8279804,0.053773932,0.05476293
train001__00234,train001,W,N2,0.055889133,0.8462028,0.048883665,0.049024366
train001__00235,train001,W,N2,0.061638888,0.82420284,0.056769747,0.057388473
train001__00236,train001,W,N2,0.07982219,0.75384545,0.08224851,0.0840839
train001__00237,train001,N2,N2,0.090699494,0.74538773,0.08394454,0.07996815
train001__00238,train001,W,N2,0.101087734,0.7208082,0.089961015,0.08814312
train001__00239,train001,W,N2,0.12004851,0.64031005,0.11319647,0.12644497
train001__00240,train001,W,N2,0.13970234,0.5323652,0.1494669,0.17846559
train001__00241,train001,W,N2,0.14035869,0.4769877,0.11964653,0.26300707
train001__00242,train001,N2,N2,0.14161271,0.541007,0.15262985,0.1647504
train001__00243,train001,N2,N2,0.09603332,0.6451296,0.058942914,0.19989417
train001__00244,train001,N2,N2,0.15538523,0.5497831,0.15134948,0.14348212
train001__00245,train001,N2,N2,0.09121379,0.68791133,0.057934903,0.16294001
train001__00246,train001,N2,N2,0.11901089,0.65312505,0.11447091,0.11339318
train001__00247,train001,N2,N2,0.08601575,0.7034883,0.054070834,0.15642518
train001__00248,train001,N2,N2,0.09390793,0.67971396,0.059917983,0.16646008
train001__00249,train001,N2,N2,0.13403396,0.60859215,0.12898496,0.12838891
train001__00250,train001,N2,N2,0.13899869,0.5936116,0.13407695,0.13331272
train001__00251,train001,N2,N2,0.08334764,0.706412,0.05304374,0.15719657
train001__00252,train001,N2,N2,0.08814055,0.69388527,0.05640677,0.16156739
train001__00253,train001,N2,N2,0.0850785,0.7025429,0.054109506,0.15826906
train001__00254,train001,N2,N2,0.11782554,0.6148137,0.12136246,0.14599833
train001__00255,train001,N2,N2,0.1281166,0.62339336,0.12456131,0.123928756
train001__00256,train001,N2,N2,0.081267804,0.7129629,0.05091282,0.15485638
train001__00257,train001,N2,N2,0.15626091,0.5396628,0.1523083,0.15176809
train001__00258,train001,N2,N2,0.16057816,0.5171116,0.15696502,0.16534524
train001__00259,train001,N2,N2,0.08946348,0.68386406,0.059976682,0.16669582
train001__00260,train001,N2,N2,0.14177638,0.58187777,0.13641407,0.13993181
train001__00261,train001,N2,N2,0.11418472,0.6704445,0.10961328,0.10575749
train001__00262,train001,N2,N2,0.11387508,0.66327924,0.111569025,0.111276664
train001__00263,train001,N2,N2,0.10026757,0.6584733,0.06552688,0.1757323
train001__00264,train001,N2,N2,0.11695018,0.6055788,0.12438329,0.15308778
train001__00265,train001,W,N2,0.10204293,0.64532214,0.10865677,0.14397821
train001__00266,train001,N2,N2,0.11557982,0.66246444,0.11122522,0.110730514
train001__00267,train001,N2,N2,0.12333818,0.6431006,0.119157694,0.114403546
train001__00268,train001,N2,N2,0.12913758,0.62634933,0.12472858,0.11978441
train001__00269,train001,N2,N2,0.13792315,0.6031145,0.13267748,0.12628494
train001__00270,train001,N2,N2,0.15680024,0.5216086,0.15675423,0.16483693
train001__00271,train001,N2,N2,0.13622773,0.5958028,0.13229099,0.13567851
train001__00272,train001,N2,N2,0.13439481,0.6168193,0.12863533,0.12015054
train001__00273,train001,N2,N2,0.1335951,0.6156066,0.12903643,0.121761955
train001__00274,train001,N2,N2,0.13259499,0.6150443,0.1275196,0.124841094
train001__00275,train001,N2,N2,0.088157415,0.69267404,0.056072924,0.16309564
train001__00276,train001,N2,N2,0.09185398,0.6817218,0.05968344,0.1667407
train001__00277,train001,W,N2,0.087800436,0.69408464,0.056929253,0.1611857
train001__00278,train001,W,N2,0.094923854,0.6864666,0.097346455,0.121263035
train001__00279,train001,W,N2,0.0773214,0.75944376,0.0783923,0.08484251
train001__00280,train001,N2,N2,0.15022029,0.44799232,0.093750596,0.3080368
train001__00281,train001,N2,N2,0.17336397,0.47320163,0.17677937,0.17665514
train001__00282,train001,N2,N2,0.13297263,0.6180899,0.12500381,0.12393363
train001__00283,train001,N2,N2,0.11657782,0.66822785,0.109219566,0.105974704
train001__00284,train001,N2,N2,0.12616804,0.63940746,0.11758614,0.11683836
train001__00285,train001,N2,N2,0.080011524,0.7106189,0.05285066,0.15651892
train001__00286,train001,N2,N2,0.08360034,0.7076675,0.05491098,0.1538212
train001__00287,train001,N2,N2,0.13062686,0.624625,0.12404128,0.120706774
train001__00288,train001,N2,N2,0.078189895,0.72326267,0.049941357,0.14860608
train001__00289,train001,N2,N2,0.109080106,0.5996582,0.09048215,0.20077953
train001__00290,train001,N2,N2,0.14868806,0.52807575,0.15417537,0.16906074
train001__00291,train001,W,N2,0.16242345,0.5165759,0.162098,0.15890267
train001__00292,train001,W,N2,0.08843627,0.501429,0.14276512,0.26736966
train001__00293,train001,N1,N2,0.17946702,0.30648112,0.20770004,0.3063518
train001__00294,train001,W,N2,0.16258262,0.4921829,0.16627301,0.17896147
train001__00295,train001,N2,N2,0.077305086,0.7200816,0.04865721,0.15395612
train001__00296,train001,N2,N2,0.09208707,0.6892272,0.05982593,0.15885983
train001__00297,train001,N2,N2,0.11485493,0.6620288,0.11214569,0.110970646
train001__00298,train001,N2,N2,0.14700119,0.571567,0.14066699,0.1407648
train001__00299,train001,N2,N2,0.07122057,0.749682,0.045762766,0.13333467
train001__00300,train001,N2,N2,0.07768878,0.7289479,0.050984837,0.14237858
train001__00301,train001,N2,N2,0.08051642,0.7224158,0.053526115,0.14354166
train001__00302,train001,N2,N2,0.118417785,0.6529929,0.11503085,0.1135584
train001__00303,train001,N2,N2,0.080808274,0.7166482,0.052794248,0.1497492
train001__00304,train001,N2,N2,0.1222499,0.64756596,0.11682496,0.11335912
train001__00305,train001,N2,N2,0.077098124,0.72611004,0.050663367,0.1461284
train001__00306,train001,N2,N2,0.13280363,0.60747766,0.13019161,0.12952712
train001__00307,train001,N2,N2,0.13471138,0.6088258,0.13126113,0.12520157
train001__00308,train001,N2,N2,0.11425272,0.61359596,0.07286601,0.19928531
train001__00309,train001,N2,N2,0.14012548,0.59046954,0.139377,0.13002802
train001__00310,train001,N2,N2,0.08966432,0.69422424,0.058314487,0.15779693
train001__00311,train001,N2,N2,0.12851001,0.62053835,0.12606877,0.12488288
train001__00312,train001,N2,N2,0.14095666,0.5913647,0.13602865,0.13165
train001__00313,train001,N2,N2,0.15071736,0.5681681,0.14366879,0.13744572
train001__00314,train001,N2,N2,0.09849933,0.6692915,0.065748,0.16646117
train001__00315,train001,N2,N2,0.14644428,0.5773205,0.13944119,0.13679405
train001__00316,train001,N2,N2,0.07647335,0.72925586,0.04881067,0.1454602
train001__00317,train001,N2,N2,0.11591514,0.66690665,0.10958744,0.10759081
train001__00318,train001,W,N2,0.07564039,0.7296642,0.048957754,0.14573757
train001__00319,train001,N2,N2,0.071785316,0.7429702,0.04994049,0.13530396
train001__00320,train001,N2,N2,0.07760412,0.78354895,0.07068005,0.068166845
train001__00321,train001,N2,N2,0.08202349,0.77557176,0.07207093,0.07033386
train001__00322,train001,N2,N2,0.0636268,0.77862805,0.043620806,0.11412429
train001__00323,train001,N2,N2,0.069180556,0.7622409,0.047398657,0.121179916
train001__00324,train001,N2,N2,0.07872983,0.7341208,0.055288184,0.13186118
train001__00325,train001,N2,N2,0.07609803,0.7306263,0.05761957,0.1356561
train001__00326,train001,N2,N2,0.09615118,0.6751013,0.06478452,0.16396306
train001__00327,train001,N2,N2,0.12058374,0.61278284,0.08454491,0.18208854
train001__00328,train001,N2,N2,0.10919516,0.69614035,0.095724374,0.098940134
train001__00329,train001,N2,N2,0.10383238,0.71012723,0.09119553,0.09484492
train001__00330,train001,N2,N2,0.0765689,0.7341125,0.05210132,0.1372173
train001__00331,train001,N2,N2,0.10152763,0.71851414,0.08931174,0.090646446
train001__00332,train001,N2,N2,0.08250439,0.7214663,0.05636098,0.13966823
train001__00333,train001,N2,N2,0.082604155,0.71908593,0.057073683,0.14123626
train001__00334,train001,N2,N2,0.070177376,0.75438595,0.047795717,0.12764098
train001__00335,train001,N2,N2,0.08133461,0.7279717,0.057196002,0.13349767
train001__00336,train001,N2,N2,0.068488754,0.7608506,0.04715418,0.12350648
train001__00337,train001,N2,N2,0.073811,0.74266785,0.053271286,0.13024987
train001__00338,train001,N2,N2,0.07474139,0.79600465,0.06314701,0.066107005
train001__00339,train001,N2,N2,0.07771133,0.7861689,0.06656611,0.069553755
train001__00340,train001,N2,N2,0.07743936,0.7883699,0.06603509,0.06815572
train001__00341,train001,N2,N2,0.07481364,0.7925922,0.06504879,0.0675454
train001__00342,train001,N2,N2,0.07544497,0.79323834,0.06421258,0.06710413
train001__00343,train001,N2,N2,0.072262175,0.74578655,0.051169135,0.13078219
train001__00344,train001,N2,N2,0.05391568,0.8488042,0.048987474,0.048292667
train001__00345,train001,N2,N2,0.06714105,0.76223445,0.046938352,0.12368611
train001__00346,train001,N2,N2,0.07012889,0.80916554,0.058797073,0.06190845
train001__00347,train001,N2,N2,0.062381256,0.8283079,0.05378978,0.05552106
train001__00348,train001,N2,N2,0.06967799,0.81029207,0.05849108,0.06153885
train001__00349,train001,N2,N2,0.06925408,0.75501174,0.04897282,0.12676133
train001__00350,train001,N2,N2,0.07806112,0.7885392,0.06526344,0.068136275
train001__00351,train001,N2,N2,0.07188527,0.80382794,0.060796,0.06349074
train001__00352,train001,N2,N2,0.06282607,0.7742405,0.043788686,0.119144745
train001__00353,train001,N2,N2,0.0652162,0.76666045,0.04610547,0.12201789
train001__00354,train001,N2,N2,0.061434932,0.8315173,0.0521659,0.054881867
train001__00355,train001,N2,N2,0.06423491,0.76769036,0.04559348,0.12248118
train001__00356,train001,N2,N2,0.0696771,0.75341433,0.049281545,0.12762706
train001__00357,train001,N2,N2,0.06288472,0.82603717,0.05424682,0.05683134
train001__00358,train001,N2,N2,0.069378704,0.7554275,0.048904993,0.12628882
train001__00359,train001,N2,N2,0.08180976,0.7784296,0.068017386,0.07174322
train001__00360,train001,N2,N2,0.065625526,0.76566935,0.04591297,0.12279218
train001__00361,train001,N2,N2,0.064723775,0.76827705,0.0452834,0.12171579
train001__00362,train001,N2,N2,0.07073418,0.80821747,0.059273098,0.061775193
train001__00363,train001,N2,N2,0.061772615,0.7759437,0.043490034,0.1187937
train001__00364,train001,N2,N2,0.06071937,0.8358354,0.05101631,0.052428935
train001__00365,train001,N2,N2,0.06329297,0.8292762,0.053126402,0.054304447
train001__00366,train001,N2,N2,0.058543444,0.7845278,0.041290574,0.11563816
train001__00367,train001,N2,N2,0.060145784,0.78063685,0.04218811,0.11702925
train001__00368,train001,N2,N2,0.06549221,0.7622321,0.045826856,0.12644874
train001__00369,train001,N2,N2,0.06668503,0.7592706,0.04676659,0.12727776
train001__00370,train001,N2,N2,0.07614089,0.7928511,0.06390843,0.067099564
train001__00371,train001,N2,N2,0.062840745,0.76854104,0.043832596,0.12478561
train001__00372,train001,N2,N2,0.05703166,0.84376216,0.04894079,0.05026535
train001__00373,train001,N2,N2,0.051576078,0.85858375,0.04423123,0.04560892
train001__00374,train001,N2,N2,0.06446155,0.7585303,0.046010524,0.13099755
train001__00375,train001,N2,N2,0.05202141,0.85704964,0.044697013,0.046231944
train001__00376,train001,N2,N2,0.056034125,0.8457369,0.048196603,0.05003235
train001__00377,train001,N2,N2,0.065738656,0.75584024,0.04706961,0.13135156
train001__00378,train001,N2,N2,0.05203278,0.85527784,0.045512278,0.047177047
train001__00379,train001,N2,N2,0.050403446,0.8597962,0.0444464,0.045353986
train001__00380,train001,N2,N2,0.051908456,0.8565851,0.04546948,0.046036974
train001__00381,train001,N2,N2,0.06711305,0.74734026,0.049571257,0.1359754
train001__00382,train001,N2,N2,0.064856105,0.75874275,0.046964124,0.12943701
train001__00383,train001,N2,N2,0.052390404,0.85435617,0.046183776,0.047069695
train001__00384,train001,N2,N2,0.046806,0.8678845,0.042264834,0.043044724
train001__00385,train001,N2,N2,0.06522608,0.7572055,0.04678406,0.13078429
train001__00386,train001,N2,N2,0.077747576,0.7082632,0.060599945,0.15338923
train001__00387,train001,N2,N2,0.0731594,0.73131734,0.052178036,0.14334515
train001__00388,train001,N2,N2,0.05886538,0.8369983,0.051193964,0.05294241
train001__00389,train001,N2,N2,0.048268367,0.86409414,0.04328589,0.04435156
train001__00390,train001,N2,N2,0.068646334,0.7450711,0.0496964,0.13658622
train001__00391,train001,N2,N2,0.07225221,0.73208785,0.053690504,0.14196947
train001__00392,train001,N2,N2,0.06897584,0.7429473,0.051001206,0.13707569
train001__00393,train001,N2,N2,0.08012533,0.70677865,0.061800025,0.15129605
train001__00394,train001,N2,N2,0.069043554,0.74640024,0.050036684,0.13451952
train001__00395,train001,N2,N2,0.070769854,0.7415364,0.051600233,0.13609353
train001__00396,train001,N2,N2,0.06582682,0.75879556,0.04797022,0.12740737
train001__00397,train001,N2,N2,0.0692537,0.74724966,0.0506783,0.13281833
train001__00398,train001,N2,N2,0.055698607,0.8478,0.047159947,0.049341455
train001__00399,train001,N2,N2,0.072469085,0.7370514,0.05412258,0.1363569
train001__00400,train001,N2,N2,0.075788975,0.73058397,0.05466235,0.13896471
train001__00401,train001,N2,N2,0.073460974,0.7391267,0.052241772,0.13517053
train001__00402,train001,N2,N2,0.06580079,0.7618627,0.046820424,0.12551609
train001__00403,train001,N2,N2,0.05924415,0.838504,0.04987109,0.052380692
train001__00404,train001,N2,N2,0.05947691,0.8394684,0.049969465,0.051085215
train001__00405,train001,N2,N2,0.061474346,0.77425534,0.044330787,0.119939625
train001__00406,train001,N2,N2,0.06863828,0.7489508,0.050061133,0.13234982
train001__00407,train001,N2,N2,0.08196392,0.7076066,0.060762815,0.14966656
train001__00408,train001,N2,N2,0.05792382,0.84243405,0.048737142,0.050905023
train001__00409,train001,N2,N2,0.07103213,0.8085787,0.05884429,0.061544895
train001__00410,train001,R,N2,0.074385725,0.73413557,0.05453449,0.13694423
train001__00411,train001,W,N2,0.12077308,0.5440551,0.13064572,0.20452611
train001__00412,train001,R,N2,0.16303758,0.3528362,0.1834878,0.30063838
train001__00413,train001,R,W,0.18948324,0.2811212,0.21350354,0.31589204
train001__00414,train001,W,N2,0.19695006,0.35629022,0.21065012,0.23610958
train001__00415,train001,N1,N2,0.1775325,0.39207053,0.18942505,0.24097195
train001__00416,train001,R,N2,0.12943338,0.5005433,0.11972879,0.25029457
train001__00417,train001,R,N2,0.12492417,0.55338603,0.10042023,0.22126955
train001__00418,train001,R,N2,0.09624369,0.7165672,0.08906608,0.09812302
train001__00419,train001,R,N2,0.10433969,0.5020072,0.1254908,0.26816234
train001__00420,train001,W,N2,0.17964761,0.28644297,0.26125115,0.2726583
train001__00421,train001,R,R,0.18711358,0.27021062,0.27767098,0.26500478
train001__00422,train001,R,R,0.19566914,0.26005602,0.2769497,0.2673252
train001__00423,train001,R,W,0.19107038,0.24506076,0.27165103,0.29221785
train001__00424,train001,R,W,0.17306046,0.24970563,0.26527536,0.3119586
train001__00425,train001,W,W,0.16600296,0.27033377,0.2701362,0.29352698
train001__00426,train001,R,W,0.17161667,0.27083737,0.2768802,0.28066579
train001__00427,train001,R,W,0.19593786,0.18751633,0.2482237,0.3683221
train001__00428,train001,W,W,0.2008005,0.17390631,0.25293785,0.37235537
train001__00429,train001,W,W,0.17318979,0.25136945,0.2766546,0.29878613
train001__00430,train001,R,W,0.17350233,0.253813,0.28365993,0.28902474
train001__00431,train001,R,R,0.18666528,0.25332975,0.2903932,0.26961172
train001__00432,train001,R,W,0.17857605,0.17301671,0.2409928,0.40741444
train001__00433,train001,W,R,0.18427221,0.24787149,0.29229218,0.2755642
train001__00434,train001,W,W,0.14496912,0.16016753,0.2197081,0.47515523
train001__00435,train001,R,N2,0.14833023,0.3856995,0.11560444,0.35036582
train001__00436,train001,R,N2,0.16044348,0.4377238,0.10420268,0.29763
train001__00437,train001,R,N2,0.09840147,0.59103316,0.06258121,0.24798411
train001__00438,train001,R,N2,0.10981777,0.6181502,0.067490645,0.20454144
train001__00439,train001,R,N2,0.12242217,0.5702581,0.07548178,0.23183796
train001__00440,train001,R,N2,0.14169784,0.564879,0.15156612,0.14185704
train001__00441,train001,R,N2,0.14343452,0.47766796,0.088812016,0.29008543
train001__00442,train001,R,N2,0.11682499,0.5810147,0.073392205,0.2287681
train001__00443,train001,W,N2,0.094684385,0.66473454,0.058399174,0.18218195
train001__00444,train001,R,N2,0.10303113,0.6305341,0.063747704,0.20268707
train001__00445,train001,W,N2,0.1578258,0.47128272,0.16440192,0.20648958
train001__00446,train001,R,N2,0.08665162,0.58601606,0.053393777,0.27393863
train001__00447,train001,W,N2,0.110241726,0.63801324,0.071501754,0.18024327
train001__00448,train001,W,N2,0.10309394,0.65067554,0.079519846,0.16671066
train001__00449,train001,R,N2,0.071120135,0.7958642,0.06261639,0.07039927
train001__00450,train001,W,N2,0.14854962,0.35264233,0.17074193,0.32806614
train001__00451,train001,R,N2,0.14732365,0.46301222,0.1523966,0.23726757
train001__00452,train001,W,N2,0.13136281,0.6241748,0.115237795,0.12922467
train001__00453,train001,N1,N2,0.093956426,0.68159217,0.07169771,0.15275368
train001__00454,train001,W,N2,0.080240004,0.78110236,0.06771912,0.07093852
train001__00455,train001,W,N2,0.14126264,0.5013594,0.12880403,0.22857396
train001__00456,train001,W,N2,0.14114285,0.49160385,0.10087655,0.2663768
train001__00457,train001,N1,N2,0.14449182,0.46913218,0.10423665,0.28213936
train001__00458,train001,N1,N2,0.1726427,0.3952755,0.12246995,0.30961186
train001__00459,train001,W,W,0.20305076,0.28853106,0.21318667,0.2952315
train001__00460,train001,N1,N2,0.15952535,0.4456978,0.11829857,0.27647826
train001__00461,train001,W,N2,0.1062591,0.5893799,0.09110867,0.21325222
train001__00462,train001,W,N2,0.111920744,0.6070251,0.068166025,0.21288817
train001__00463,train001,N2,N2,0.1371413,0.53057337,0.08372168,0.24856363
train001__00464,train001,N1,N2,0.16813238,0.39083707,0.17696501,0.26406553
train001__00465,train001,N2,N2,0.1403348,0.49020478,0.1410481,0.22841227
train001__00466,train001,N2,N2,0.15335323,0.40190193,0.16020906,0.2845358
train001__00467,train001,W,N2,0.15593146,0.49874148,0.15311256,0.19221453
train001__00468,train001,N1,N2,0.124842495,0.5669677,0.08177836,0.22641142
train001__00469,train001,W,N2,0.16597956,0.46057484,0.113198474,0.26024714
train001__00470,train001,W,W,0.123386845,0.32109463,0.15465246,0.40086606
train001__00471,train001,W,N2,0.13370217,0.5788256,0.13702579,0.1504464
train001__00472,train001,W,N2,0.16342978,0.4674876,0.1664515,0.20263109
train001__00473,train001,W,N2,0.14975043,0.5084094,0.09144266,0.25039756
train001__00474,train001,W,N2,0.14432438,0.5304317,0.08971941,0.23552454
train001__00475,train001,W,N2,0.13741666,0.5527165,0.08684744,0.22301945
train001__00476,train001,W,N2,0.10420083,0.446634,0.11913669,0.3300285
train001__00477,train001,W,W,0.17260814,0.36008063,0.105978355,0.3613329
train001__00478,train001,W,W,0.17739226,0.2660065,0.19005212,0.36654916
train001__00479,train001,N1,W,0.18857402,0.29058108,0.19599634,0.3248485
train001__00480,train001,N1,N2,0.17771399,0.41347814,0.11450947,0.29429844
train001__00481,train001,W,N2,0.1748859,0.42525926,0.113187976,0.28666684
train001__00482,train001,W,N2,0.09989917,0.50622773,0.06866425,0.32520884
train001__00483,train001,W,N2,0.12088379,0.58788896,0.10824551,0.18298173
train001__00484,train001,N1,N2,0.1516909,0.5888902,0.12402963,0.13538928
train001__00485,train001,N2,N2,0.16227838,0.51319414,0.12529369,0.19923382
train001__00486,train001,N1,N2,0.15076193,0.47254035,0.14060524,0.23609252
train001__00487,train001,N1,N2,0.17799032,0.44301403,0.16930084,0.2096948
train001__00488,train001,N1,N2,0.14042658,0.61993945,0.11583771,0.123796195
train001__00489,train001,W,N2,0.1636923,0.46209538,0.16032268,0.21388961
train001__00490,train001,W,N2,0.09935406,0.65085053,0.092891544,0.1569039
train001__00491,train001,W,N2,0.12633473,0.52914006,0.119773924,0.22475135
train001__00492,train001,W,N2,0.17717011,0.38401031,0.11464841,0.32417116
train001__00493,train001,N1,N2,0.1458283,0.44495115,0.10574049,0.30348003
train001__00494,train001,N1,N2,0.15000616,0.4925675,0.103871375,0.25355503
train001__00495,train001,W,N2,0.1540467,0.4903961,0.1091597,0.24639745
train001__00496,train001,W,N2,0.121365,0.62201524,0.10573224,0.1508875
train001__00497,train001,N1,N2,0.115009464,0.62117904,0.10105307,0.16275848
train001__00498,train001,W,N2,0.109268785,0.4932025,0.109842695,0.287686
train001__00499,train001,N1,W,0.1594423,0.329977,0.105077565,0.40550306
train001__00500,train001,W,W,0.12262808,0.21445833,0.08051779,0.5823958
train001__00501,train001,W,W,0.13655944,0.16022728,0.15783018,0.5453831
train001__00502,train001,N1,W,0.19979717,0.2770288,0.19570155,0.3274725
train001__00503,train001,N1,N2,0.1663471,0.3566322,0.12558432,0.35143632
train001__00504,train001,W,W,0.16804288,0.33745798,0.15703262,0.33746657
train001__00505,train001,W,N2,0.18861976,0.33722293,0.16526477,0.30889258
train001__00506,train001,W,N2,0.17879684,0.37524912,0.16444765,0.28150633
train001__00507,train001,N1,W,0.17975903,0.21128334,0.18911561,0.419842
train001__00508,train001,W,W,0.18380985,0.20087501,0.18837494,0.4269403
train001__00509,train001,N1,N2,0.16522962,0.41858995,0.11970279,0.29647768
train001__00510,train001,N1,N2,0.18918565,0.43367234,0.13049008,0.2466519
train001__00511,train001,N2,N2,0.17089765,0.514737,0.14062572,0.1737397
train001__00512,train001,W,N2,0.15874387,0.5050317,0.10653185,0.22969258
train001__00513,train001,W,W,0.16515973,0.2971229,0.19116136,0.346556
train001__00514,train001,N2,N2,0.15689474,0.4909131,0.09900317,0.253189
train001__00515,train001,W,N2,0.18070999,0.32868418,0.17260532,0.31800053
train001__00516,train001,W,N2,0.197847,0.37690812,0.13416635,0.29107857
train001__00517,train001,W,N2,0.17253579,0.42744452,0.10909525,0.29092446
train001__00518,train001,W,N2,0.14548753,0.49917728,0.13151325,0.22382198
train001__00519,train001,W,W,0.13650003,0.340762,0.097814135,0.4249238
train001__00520,train001,W,W,0.13563323,0.36609548,0.090258,0.40801334
train001__00521,train001,N2,N2,0.13892874,0.5046926,0.0922803,0.26409832
train001__00522,train001,N2,N2,0.10555494,0.68658715,0.090467006,0.117390886
train001__00523,train001,N1,N2,0.10470846,0.683241,0.0902354,0.121815175
train001__00524,train001,N1,N2,0.10899109,0.6616407,0.09526541,0.13410273
train001__00525,train001,N2,N2,0.14189251,0.5344859,0.094949976,0.22867167
train001__00526,train001,N1,N2,0.10611989,0.6526228,0.09719816,0.14405915
train001__00527,train001,N1,N2,0.10685813,0.44165882,0.07438741,0.3770956
train001__00528,train001,N2,N2,0.15500198,0.39823762,0.09837103,0.34838933
train001__00529,train001,N2,N2,0.21003105,0.30303437,0.19342823,0.29350638
train001__00530,train001,N1,W,0.13889971,0.35633624,0.08791233,0.4168517
train001__00531,train001,N2,N2,0.16221821,0.41442478,0.105452776,0.31790432
train001__00532,train001,N2,N2,0.13120654,0.5925598,0.11278304,0.16345058
train001__00533,train001,W,N2,0.11647107,0.6319856,0.10200254,0.14954078
train001__00534,train001,N2,N2,0.092452556,0.5549941,0.09819601,0.25435728
train001__00535,train001,N2,N2,0.16182642,0.44666755,0.105852135,0.28565386
train001__00536,train001,N1,N2,0.13745798,0.5595286,0.11911992,0.18389349
train001__00537,train001,N2,N2,0.12730071,0.4867949,0.13121505,0.25468937
train001__00538,train001,W,N2,0.09785767,0.5761306,0.09183925,0.23417242
train001__00539,train001,W,N2,0.10658203,0.56373644,0.11468262,0.21499887
train001__00540,train001,N1,N2,0.112931974,0.58374524,0.0980153,0.20530748
train001__00541,train001,N2,N2,0.14548008,0.44061375,0.09202427,0.32188195
train001__00542,train001,N1,N2,0.14915305,0.47886175,0.09321292,0.2787722
train001__00543,train001,N2,N2,0.11186933,0.48421565,0.109510355,0.29440466
train001__00544,train001,N2,N2,0.13702802,0.5284417,0.12244819,0.21208201
train001__00545,train001,N2,N2,0.14756326,0.41859812,0.091168955,0.34266967
train001__00546,train001,N2,N2,0.11564494,0.5404439,0.10808187,0.23582935
train001__00547,train001,N2,N2,0.12658086,0.49041498,0.07728096,0.3057232
train001__00548,train001,N1,N2,0.16469696,0.48426893,0.10521258,0.24582158
train001__00549,train001,N2,N2,0.17679656,0.46426874,0.120995715,0.23793897
train001__00550,train001,N2,N2,0.120494254,0.58358115,0.10788578,0.1880388
train001__00551,train001,N2,N2,0.20235074,0.36074454,0.17198396,0.26492083
train001__00552,train001,N1,N2,0.18226598,0.4890507,0.15278861,0.1758947
train001__00553,train001,N2,N2,0.21226037,0.35916263,0.17963761,0.24893948
train001__00554,train001,N2,N2,0.22195414,0.34500828,0.19112892,0.24190871
train001__00555,train001,N2,N2,0.16984768,0.40359926,0.15743886,0.26911423
train001__00556,train001,N1,N2,0.1815599,0.38407207,0.16975498,0.26461303
train001__00557,train001,N2,N2,0.22317664,0.34568518,0.18033832,0.25079986
train001__00558,train001,N1,N2,0.17905116,0.38186952,0.14069839,0.29838088
train001__00559,train001,N1,N2,0.1302143,0.50992554,0.122822076,0.23703805
train001__00560,train001,W,N2,0.17622618,0.3860231,0.12852693,0.30922377
train001__00561,train001,N1,N2,0.12412487,0.617656,0.105010726,0.15320848
train001__00562,train001,N2,N2,0.13489434,0.631535,0.1098684,0.12370223
train001__00563,train001,N2,N2,0.19378759,0.38504216,0.13115564,0.29001456
train001__00564,train001,N2,W,0.19481209,0.3314752,0.129934,0.3437787
train001__00565,train001,W,W,0.15989429,0.32523784,0.10881687,0.406051
train001__00566,train001,W,W,0.12535764,0.261487,0.07906825,0.5340871
train001__00567,train001,W,W,0.10445814,0.23762593,0.07115277,0.58676314
train001__00568,train001,N1,N2,0.13400972,0.3958217,0.08058514,0.38958344
train001__00569,train001,N2,N2,0.16361171,0.40067798,0.096236035,0.33947423
train001__00570,train001,W,N2,0.20480348,0.35578784,0.17627867,0.26312998
train001__00571,train001,W,W,0.1441498,0.32858476,0.11463335,0.4126321
train001__00572,train001,N1,W,0.17405818,0.29296517,0.1665318,0.36644483
train001__00573,train001,N2,N2,0.17917001,0.36139923,0.12876603,0.33066478
train001__00574,train001,N1,N2,0.17135662,0.4499906,0.14977996,0.22887287
train001__00575,train001,N1,N2,0.15187798,0.5364121,0.1334603,0.17824955
train001__00576,train001,W,N2,0.14998825,0.534947,0.13103482,0.18402989
train001__00577,train001,N2,N2,0.12607357,0.44829878,0.12743966,0.29818806
train001__00578,train001,N1,N2,0.13587442,0.48596245,0.13066536,0.24749781
train001__00579,train001,N2,N2,0.12822855,0.5021414,0.12319566,0.24643439
train001__00580,train001,W,N2,0.16438285,0.48879147,0.14642373,0.20040195
train001__00581,train001,N2,N2,0.12888533,0.39458126,0.12771754,0.34881592
train001__00582,train001,N2,N2,0.18636689,0.44176573,0.15917298,0.21269436
train001__00583,train001,N2,N2,0.1687923,0.474703,0.14805514,0.20844956
train001__00584,train001,W,N2,0.17507002,0.39715275,0.12664373,0.30113354
train001__00585,train001,W,W,0.14238626,0.3490834,0.14349656,0.36503386
train001__00586,train001,W,W,0.16027476,0.31522167,0.098637186,0.42586634
train001__00587,train001,W,W,0.16515604,0.32736045,0.1019618,0.40552166
train001__00588,train001,W,W,0.20264965,0.31978485,0.12803148,0.34953398
train001__00589,train001,W,W,0.16001807,0.17480369,0.1515308,0.51364744
train001__00590,train001,W,W,0.15094338,0.16000676,0.14647675,0.5425732
train001__00591,train001,W,W,0.11598343,0.13764484,0.12629871,0.620073
train001__00592,train001,N2,W,0.14415608,0.21317814,0.14662768,0.49603808
train001__00593,train001,W,W,0.18869293,0.29848847,0.1170903,0.39572838
train001__00594,train001,N1,W,0.14511853,0.13991648,0.14779532,0.5671697
train001__00595,train001,W,N2,0.18574432,0.3581135,0.11724797,0.33889422
train001__00596,train001,W,W,0.16456243,0.26211342,0.1650926,0.4082316
train001__00597,train001,N2,N2,0.19360727,0.32641387,0.18337438,0.29660448
train001__00598,train001,W,W,0.21712834,0.25861844,0.20407291,0.32018036
train001__00599,train001,N2,W,0.16388127,0.2624474,0.16004439,0.41362706
train001__00600,train001,W,W,0.21582168,0.24932879,0.20482178,0.33002776
train001__00601,train001,W,W,0.16674532,0.22755271,0.16277917,0.44292277
train001__00602,train001,N1,W,0.14903872,0.16276091,0.1480597,0.5401407
train001__00603,train001,N2,W,0.1492968,0.17156127,0.14778633,0.5313555
train001__00604,train001,N2,N2,0.19762172,0.37979046,0.12778078,0.29480708
train001__00605,train001,N1,N2,0.19999872,0.37810537,0.13075183,0.29114398
train001__00606,train001,N2,N2,0.15721305,0.3909198,0.09979371,0.35207346
train001__00607,train001,N2,N2,0.16090165,0.3509449,0.1621887,0.32596478
train001__00608,train001,N2,W,0.13751797,0.32214952,0.14359628,0.3967363
train001__00609,train001,W,N2,0.1820731,0.39911208,0.11721513,0.30159968
train001__00610,train001,N2,N2,0.1699668,0.4161343,0.10886408,0.30503485
train001__00611,train001,W,N2,0.21521668,0.29493243,0.20268995,0.28716093
train001__00612,train001,W,W,0.14107615,0.2265324,0.15691687,0.47547448
train001__00613,train001,W,W,0.13653706,0.3222052,0.17612197,0.36513573
train001__00614,train001,W,W,0.15742627,0.1477249,0.21806394,0.47678497
train001__00615,train001,W,W,0.15389438,0.28257087,0.23608576,0.32744896
train001__00616,train001,W,R,0.1795419,0.26537573,0.3045655,0.2505169
train001__00617,train001,W,R,0.18586795,0.26143464,0.2949136,0.25778383
train001__00618,train001,W,R,0.19177905,0.2619367,0.30688125,0.23940304
train001__00619,train001,N1,W,0.22798586,0.18238348,0.26575258,0.32387814
train001__00620,train001,N1,R,0.15592332,0.23315908,0.40661237,0.20430534
train001__00621,train001,N2,W,0.23194134,0.20991065,0.27590457,0.28224337
train001__00622,train001,N2,W,0.2299382,0.17891878,0.27714032,0.3140027
train001__00623,train001,N1,R,0.16737744,0.22373098,0.41733354,0.19155806
train001__00624,train001,N2,R,0.2299757,0.26822644,0.2701222,0.23167562
train001__00625,train001,N1,N2,0.22998074,0.27570292,0.2690695,0.2252468
train001__00626,train001,N2,N2,0.22915797,0.27677682,0.26957384,0.22449148
train001__00627,train001,N2,R,0.15591507,0.19680773,0.4709735,0.1763037
train001__00628,train001,N2,R,0.15534973,0.19711806,0.47116306,0.17636907
train001__00629,train001,R,N2,0.2277326,0.28634724,0.26655814,0.21936205
train001__00630,train001,R,N2,0.2264343,0.29329035,0.2639236,0.21635173
train001__00631,train001,R,R,0.20634246,0.2490731,0.28937528,0.25520918
train001__00632,train001,R,R,0.22283757,0.23737793,0.2958493,0.2439352
train001__00633,train001,R,R,0.22092573,0.24185956,0.2958441,0.2413706
train001__00634,train001,R,R,0.1336188,0.17491502,0.51510125,0.17636497
train001__00635,train001,R,R,0.22853473,0.23186101,0.2886169,0.25098738
train001__00636,train001,R,R,0.21229142,0.24932146,0.28239584,0.25599137
train001__00637,train001,R,R,0.13577269,0.16829929,0.5261663,0.16976172
train001__00638,train001,R,R,0.21792676,0.2620846,0.28582656,0.23416203
train001__00639,train001,R,R,0.13809764,0.17210655,0.5195199,0.17027596
train001__00640,train001,R,R,0.22541817,0.24148834,0.2878602,0.24523324
train001__00641,train001,R,R,0.2264844,0.22986475,0.29147384,0.252177
train001__00642,train001,R,R,0.14108866,0.17873855,0.50515646,0.17501634
train001__00643,train001,W,R,0.22778037,0.22822379,0.29125053,0.2527453
train001__00644,train001,R,R,0.10139228,0.14145632,0.57459617,0.18255518
train001__00645,train001,R,R,0.14574872,0.12092965,0.37286493,0.36045673
train001__00646,train001,R,R,0.10006628,0.121225566,0.6084267,0.17028147
train001__00647,train001,R,R,0.094506316,0.1135286,0.6277112,0.16425383
train001__00648,train001,R,R,0.14390843,0.12721914,0.38375944,0.34511298
train001__00649,train001,R,R,0.144288,0.12078205,0.37560946,0.35932037
train001__00650,train001,R,R,0.1443999,0.11770877,0.3725946,0.36529684
train001__00651,train001,R,R,0.14236544,0.119648024,0.37801322,0.3599733
train001__00652,train001,W,R,0.14172138,0.11837067,0.37789544,0.3620125
train001__00653,train001,W,W,0.13728036,0.12015787,0.37026727,0.3722945
train001__00654,train001,R,R,0.14015304,0.12138687,0.37251347,0.3659466
train001__00655,train001,R,W,0.12405851,0.10600597,0.37696356,0.392972
train001__00656,train001,R,W,0.12299317,0.10404323,0.38328117,0.38968235
train001__00657,train001,R,W,0.12080068,0.10306186,0.38506454,0.39107287
train001__00658,train001,R,W,0.12123681,0.1018389,0.38447288,0.3924514
train001__00659,train001,R,W,0.12150748,0.10081983,0.38305417,0.39461848
train001__00660,train001,R,R,0.09201784,0.124055676,0.59073156,0.19319485
train001__00661,train001,R,R,0.11298323,0.14897574,0.5363312,0.20170978
train001__00662,train001,R,R,0.116004564,0.1397987,0.54613,0.19806668
train001__00663,train001,R,R,0.14283092,0.12287174,0.37661687,0.3576805
train001__00664,train001,R,R,0.09470596,0.110996455,0.63119614,0.16310138
train001__00665,train001,R,R,0.14282344,0.12428528,0.3829074,0.34998396
train001__00666,train001,R,R,0.14229603,0.119436026,0.37933728,0.35893065
train001__00667,train001,R,R,0.14416994,0.1161117,0.37330624,0.36641213
train001__00668,train001,R,R,0.14478579,0.119431905,0.3755958,0.36018643
train001__00669,train001,W,R,0.1426068,0.124792874,0.38249004,0.3501103
train001__00670,train001,R,R,0.1402878,0.123851344,0.38626203,0.3495988
train001__00671,train001,R,R,0.095526345,0.118582614,0.61460036,0.17129065
train001__00672,train001,R,R,0.10337642,0.12464604,0.60186154,0.17011598
train001__00673,train001,W,R,0.10342151,0.12329621,0.6045286,0.1687536
train001__00674,train001,R,R,0.100466155,0.11977116,0.61385983,0.16590291
train001__00675,train001,R,R,0.15431911,0.1332302,0.37626523,0.3361855
train001__00676,train001,R,R,0.10206936,0.12130292,0.60985684,0.16677089
train001__00677,train001,R,R,0.09921594,0.117181815,0.6196413,0.16396093
train001__00678,train001,R,R,0.09862114,0.1160256,0.6220146,0.16333868
train001__00679,train001,R,R,0.15362836,0.13350002,0.37692124,0.3359504
train001__00680,train001,R,R,0.15456489,0.13223812,0.3753767,0.33782026
train001__00681,train001,R,R,0.15020767,0.1274238,0.37322846,0.34914005
train001__00682,train001,R,R,0.10309622,0.1228601,0.6048076,0.169236
train001__00683,train001,R,R,0.15028426,0.133735,0.3793349,0.33664593
train001__00684,train001,W,R,0.095721364,0.11178154,0.63102144,0.16147561
train001__00685,train001,W,R,0.09533666,0.18188384,0.5035774,0.21920207
train001__00686,train001,W,N2,0.15960927,0.41671526,0.107586525,0.316089
train001__00687,train001,W,W,0.12844183,0.12898092,0.15086205,0.5917152
train001__00688,train001,W,N2,0.14682949,0.38511732,0.10112295,0.36693022
train001__00689,train001,N1,W,0.17025062,0.27942058,0.17722416,0.3731047
train001__00690,train001,W,N2,0.17691366,0.44099623,0.11491512,0.26717505
train001__00691,train001,W,N2,0.14184368,0.45683002,0.0910843,0.31024203
train001__00692,train001,W,N2,0.15278696,0.4524759,0.11796286,0.27677426
train001__00693,train001,R,N2,0.18494543,0.39069244,0.12304763,0.3013146
train001__00694,train001,R,W,0.18083997,0.28339738,0.11540765,0.42035493
train001__00695,train001,W,W,0.12563904,0.080786176,0.15280285,0.6407719
train001__00696,train001,W,W,0.16240908,0.21351784,0.101523094,0.52255
train001__00697,train001,W,W,0.10377039,0.07355478,0.13111545,0.6915594
train001__00698,train001,N1,W,0.09958349,0.075961135,0.12596615,0.69848925
train001__00699,train001,W,W,0.17847519,0.15459292,0.19032331,0.47660854
train001__00700,train001,N2,W,0.19359638,0.29026294,0.18935469,0.32678604
train001__00701,train001,N1,N2,0.19026634,0.4081028,0.12777649,0.27385435
train001__00702,train001,W,W,0.15405887,0.32285336,0.10127083,0.4218169
train001__00703,train001,W,W,0.17892033,0.17455725,0.1836553,0.46286705
train001__00704,train001,W,W,0.22460617,0.2598031,0.21273382,0.3028569
train001__00705,train001,N2,W,0.22178918,0.24848089,0.2112543,0.31847566
train001__00706,train001,W,N2,0.1979084,0.39075834,0.13262367,0.2787096
train001__00707,train001,W,N2,0.19060878,0.42218333,0.12858787,0.25862002
train001__00708,train001,W,N2,0.16937886,0.40774223,0.115436934,0.30744204
train001__00709,train001,W,W,0.19136456,0.3192932,0.12813388,0.3612084
train001__00710,train001,W,W,0.194718,0.3204375,0.13138157,0.3534629
train001__00711,train001,W,W,0.19058311,0.17240493,0.20923342,0.42777854
train001__00712,train001,N1,N2,0.19161227,0.36595702,0.1317853,0.3106454
train001__00713,train001,W,W,0.21816726,0.24539955,0.22884001,0.30759317
train001__00714,train001,W,N2,0.18064588,0.4289291,0.12543352,0.26499155
train001__00715,train001,W,N2,0.17295226,0.4448405,0.11946664,0.26274067
train001__00716,train001,W,N2,0.18487912,0.42503858,0.13037251,0.2597098
train001__00717,train001,W,W,0.20519692,0.23390551,0.22177385,0.33912376
train001__00718,train001,W,W,0.1837993,0.21128033,0.20835498,0.39656535
train001__00719,train001,W,W,0.16964565,0.29848945,0.11684648,0.41501835
train001__00720,train001,W,W,0.18895237,0.15085599,0.21829383,0.4418978
train001__00721,train001,W,N2,0.19289939,0.37039256,0.1340641,0.30264398
train001__00722,train001,W,W,0.21591388,0.23354626,0.23066078,0.31987914
train001__00723,train001,N1,N2,0.16961302,0.4528663,0.11787828,0.2596424
train001__00724,train001,W,N2,0.22161213,0.28157455,0.22600491,0.27080837
train001__00725,train001,W,N2,0.21495368,0.29611054,0.2217939,0.2671419
train001__00726,train001,W,N2,0.2200696,0.27695236,0.22760752,0.27537054
train001__00727,train001,W,N2,0.18186417,0.4335307,0.12681492,0.25779024
train001__00728,train001,N2,W,0.21926458,0.26706246,0.22777867,0.2858943
train001__00729,train001,W,W,0.22490591,0.24069957,0.23580042,0.2985941
train001__00730,train001,W,N2,0.181672,0.42274043,0.1261955,0.26939216
train001__00731,train001,W,N2,0.22355588,0.2813587,0.22875273,0.2663327
train001__00732,train001,N1,N2,0.162098,0.47472852,0.114261664,0.24891172
train001__00733,train001,N1,N2,0.18022656,0.42846045,0.12398494,0.26732793
train001__00734,train001,N1,N2,0.1883938,0.40643352,0.13154395,0.2736287
train001__00735,train001,W,N2,0.17282021,0.44534436,0.11828045,0.26355496
train001__00736,train001,N1,W,0.213658,0.21953131,0.23170361,0.33510712
train001__00737,train001,N2,W,0.18322958,0.19967373,0.20757586,0.40952086
train001__00738,train001,W,W,0.18998228,0.2284848,0.21165778,0.36987504
train001__00739,train001,N1,W,0.19394293,0.2669259,0.20814848,0.33098274
train001__00740,train001,W,W,0.22543953,0.26256868,0.23247835,0.27951354
train001__00741,train001,N1,N2,0.1729808,0.43025282,0.12013647,0.27662998
train001__00742,train001,W,W,0.19168954,0.22656955,0.21730195,0.3644389
